simulator,type,nbF,execCost,lat,flowS,start,end,seed,src,dst,nbCore
IFogSim,net,1,1000,0ms,3125000,15.0,15.0,0,sensor_1,device_1,1
IFogSim,exec,1,1000,0ms,3125000,15.0,15.101,0,NA,NA,1
IFogSim,net,1,1000,0ms,3125000,15.201,15.701,0,device_1,device_2,1
IFogSim,exec,1,1000,0ms,3125000,15.701,16.801000000000002,0,NA,NA,1
IFogSim,net,1,1000,0ms,3125000,15.0,15.0,0,sensor_1,device_1,2
IFogSim,exec,1,1000,0ms,3125000,15.0,15.101,0,NA,NA,2
IFogSim,net,1,1000,0ms,3125000,15.201,15.701,0,device_1,device_2,2
IFogSim,exec,1,1000,0ms,3125000,15.701,16.801000000000002,0,NA,NA,2
IFogSim,net,2,1000,0ms,3125000,15.0,15.0,0,sensor_2,device_1,1
IFogSim,net,2,1000,0ms,3125000,15.0,15.0,0,sensor_2,device_1,1
IFogSim,exec,2,1000,0ms,3125000,15.0,15.102,0,NA,NA,1
IFogSim,exec,2,1000,0ms,3125000,15.0,15.102,0,NA,NA,1
IFogSim,net,2,1000,0ms,3125000,15.202,15.702,0,device_1,device_2,1
IFogSim,net,2,1000,0ms,3125000,15.702,16.201999999999998,0,device_1,device_2,1
IFogSim,exec,2,1000,0ms,3125000,15.702,18.302,0,NA,NA,1
IFogSim,exec,2,1000,0ms,3125000,16.201999999999998,18.302,0,NA,NA,1
IFogSim,net,2,1000,0ms,3125000,15.0,15.0,0,sensor_2,device_1,2
IFogSim,net,2,1000,0ms,3125000,15.0,15.0,0,sensor_2,device_1,2
IFogSim,exec,2,1000,0ms,3125000,15.0,15.102,0,NA,NA,2
IFogSim,exec,2,1000,0ms,3125000,15.0,15.102,0,NA,NA,2
IFogSim,net,2,1000,0ms,3125000,15.202,15.702,0,device_1,device_2,2
IFogSim,net,2,1000,0ms,3125000,15.702,16.201999999999998,0,device_1,device_2,2
IFogSim,exec,2,1000,0ms,3125000,15.702,18.302,0,NA,NA,2
IFogSim,exec,2,1000,0ms,3125000,16.201999999999998,18.302,0,NA,NA,2
IFogSim,net,3,1000,0ms,3125000,15.0,15.0,0,sensor_3,device_1,1
IFogSim,net,3,1000,0ms,3125000,15.0,15.0,0,sensor_3,device_1,1
IFogSim,net,3,1000,0ms,3125000,15.0,15.0,0,sensor_3,device_1,1
IFogSim,exec,3,1000,0ms,3125000,15.0,15.103,0,NA,NA,1
IFogSim,exec,3,1000,0ms,3125000,15.0,15.103,0,NA,NA,1
IFogSim,exec,3,1000,0ms,3125000,15.0,15.103,0,NA,NA,1
IFogSim,net,3,1000,0ms,3125000,15.203,15.703,0,device_1,device_2,1
IFogSim,net,3,1000,0ms,3125000,15.703,16.203,0,device_1,device_2,1
IFogSim,net,3,1000,0ms,3125000,16.203,16.703,0,device_1,device_2,1
IFogSim,exec,3,1000,0ms,3125000,15.703,19.803,0,NA,NA,1
IFogSim,exec,3,1000,0ms,3125000,16.203,19.803,0,NA,NA,1
IFogSim,exec,3,1000,0ms,3125000,16.703,19.803,0,NA,NA,1
IFogSim,net,3,1000,0ms,3125000,15.0,15.0,0,sensor_3,device_1,2
IFogSim,net,3,1000,0ms,3125000,15.0,15.0,0,sensor_3,device_1,2
IFogSim,net,3,1000,0ms,3125000,15.0,15.0,0,sensor_3,device_1,2
IFogSim,exec,3,1000,0ms,3125000,15.0,15.103,0,NA,NA,2
IFogSim,exec,3,1000,0ms,3125000,15.0,15.103,0,NA,NA,2
IFogSim,exec,3,1000,0ms,3125000,15.0,15.103,0,NA,NA,2
IFogSim,net,3,1000,0ms,3125000,15.203,15.703,0,device_1,device_2,2
IFogSim,net,3,1000,0ms,3125000,15.703,16.203,0,device_1,device_2,2
IFogSim,net,3,1000,0ms,3125000,16.203,16.703,0,device_1,device_2,2
IFogSim,exec,3,1000,0ms,3125000,15.703,19.803,0,NA,NA,2
IFogSim,exec,3,1000,0ms,3125000,16.203,19.803,0,NA,NA,2
IFogSim,exec,3,1000,0ms,3125000,16.703,19.803,0,NA,NA,2
IFogSim,net,4,1000,0ms,3125000,15.0,15.0,0,sensor_4,device_1,1
IFogSim,net,4,1000,0ms,3125000,15.0,15.0,0,sensor_4,device_1,1
IFogSim,net,4,1000,0ms,3125000,15.0,15.0,0,sensor_4,device_1,1
IFogSim,net,4,1000,0ms,3125000,15.0,15.0,0,sensor_4,device_1,1
IFogSim,exec,4,1000,0ms,3125000,15.0,15.104,0,NA,NA,1
IFogSim,exec,4,1000,0ms,3125000,15.0,15.104,0,NA,NA,1
IFogSim,exec,4,1000,0ms,3125000,15.0,15.104,0,NA,NA,1
IFogSim,exec,4,1000,0ms,3125000,15.0,15.104,0,NA,NA,1
IFogSim,net,4,1000,0ms,3125000,15.203999999999999,15.703999999999999,0,device_1,device_2,1
IFogSim,net,4,1000,0ms,3125000,15.703999999999999,16.204,0,device_1,device_2,1
IFogSim,net,4,1000,0ms,3125000,16.204,16.704,0,device_1,device_2,1
IFogSim,net,4,1000,0ms,3125000,16.704,17.204,0,device_1,device_2,1
IFogSim,exec,4,1000,0ms,3125000,15.703999999999999,21.304000000000002,0,NA,NA,1
IFogSim,exec,4,1000,0ms,3125000,16.204,21.304000000000002,0,NA,NA,1
IFogSim,exec,4,1000,0ms,3125000,16.704,21.304000000000002,0,NA,NA,1
IFogSim,exec,4,1000,0ms,3125000,17.204,21.304000000000002,0,NA,NA,1
IFogSim,net,4,1000,0ms,3125000,15.0,15.0,0,sensor_4,device_1,2
IFogSim,net,4,1000,0ms,3125000,15.0,15.0,0,sensor_4,device_1,2
IFogSim,net,4,1000,0ms,3125000,15.0,15.0,0,sensor_4,device_1,2
IFogSim,net,4,1000,0ms,3125000,15.0,15.0,0,sensor_4,device_1,2
IFogSim,exec,4,1000,0ms,3125000,15.0,15.104,0,NA,NA,2
IFogSim,exec,4,1000,0ms,3125000,15.0,15.104,0,NA,NA,2
IFogSim,exec,4,1000,0ms,3125000,15.0,15.104,0,NA,NA,2
IFogSim,exec,4,1000,0ms,3125000,15.0,15.104,0,NA,NA,2
IFogSim,net,4,1000,0ms,3125000,15.203999999999999,15.703999999999999,0,device_1,device_2,2
IFogSim,net,4,1000,0ms,3125000,15.703999999999999,16.204,0,device_1,device_2,2
IFogSim,net,4,1000,0ms,3125000,16.204,16.704,0,device_1,device_2,2
IFogSim,net,4,1000,0ms,3125000,16.704,17.204,0,device_1,device_2,2
IFogSim,exec,4,1000,0ms,3125000,15.703999999999999,21.304000000000002,0,NA,NA,2
IFogSim,exec,4,1000,0ms,3125000,16.204,21.304000000000002,0,NA,NA,2
IFogSim,exec,4,1000,0ms,3125000,16.704,21.304000000000002,0,NA,NA,2
IFogSim,exec,4,1000,0ms,3125000,17.204,21.304000000000002,0,NA,NA,2
IFogSim,net,5,1000,0ms,3125000,15.0,15.0,0,sensor_5,device_1,1
IFogSim,net,5,1000,0ms,3125000,15.0,15.0,0,sensor_5,device_1,1
IFogSim,net,5,1000,0ms,3125000,15.0,15.0,0,sensor_5,device_1,1
IFogSim,net,5,1000,0ms,3125000,15.0,15.0,0,sensor_5,device_1,1
IFogSim,net,5,1000,0ms,3125000,15.0,15.0,0,sensor_5,device_1,1
IFogSim,exec,5,1000,0ms,3125000,15.0,15.105,0,NA,NA,1
IFogSim,exec,5,1000,0ms,3125000,15.0,15.105,0,NA,NA,1
IFogSim,exec,5,1000,0ms,3125000,15.0,15.105,0,NA,NA,1
IFogSim,exec,5,1000,0ms,3125000,15.0,15.105,0,NA,NA,1
IFogSim,exec,5,1000,0ms,3125000,15.0,15.105,0,NA,NA,1
IFogSim,net,5,1000,0ms,3125000,15.205,15.705,0,device_1,device_2,1
IFogSim,net,5,1000,0ms,3125000,15.705,16.205,0,device_1,device_2,1
IFogSim,net,5,1000,0ms,3125000,16.205,16.705,0,device_1,device_2,1
IFogSim,net,5,1000,0ms,3125000,16.705,17.205,0,device_1,device_2,1
IFogSim,net,5,1000,0ms,3125000,17.205,17.705,0,device_1,device_2,1
IFogSim,exec,5,1000,0ms,3125000,15.705,17.705,0,NA,NA,1
IFogSim,exec,5,1000,0ms,3125000,16.205,21.805,0,NA,NA,1
IFogSim,exec,5,1000,0ms,3125000,16.705,21.805,0,NA,NA,1
IFogSim,exec,5,1000,0ms,3125000,17.205,21.805,0,NA,NA,1
IFogSim,exec,5,1000,0ms,3125000,17.705,21.805,0,NA,NA,1
IFogSim,net,5,1000,0ms,3125000,15.0,15.0,0,sensor_5,device_1,2
IFogSim,net,5,1000,0ms,3125000,15.0,15.0,0,sensor_5,device_1,2
IFogSim,net,5,1000,0ms,3125000,15.0,15.0,0,sensor_5,device_1,2
IFogSim,net,5,1000,0ms,3125000,15.0,15.0,0,sensor_5,device_1,2
IFogSim,net,5,1000,0ms,3125000,15.0,15.0,0,sensor_5,device_1,2
IFogSim,exec,5,1000,0ms,3125000,15.0,15.105,0,NA,NA,2
IFogSim,exec,5,1000,0ms,3125000,15.0,15.105,0,NA,NA,2
IFogSim,exec,5,1000,0ms,3125000,15.0,15.105,0,NA,NA,2
IFogSim,exec,5,1000,0ms,3125000,15.0,15.105,0,NA,NA,2
IFogSim,exec,5,1000,0ms,3125000,15.0,15.105,0,NA,NA,2
IFogSim,net,5,1000,0ms,3125000,15.205,15.705,0,device_1,device_2,2
IFogSim,net,5,1000,0ms,3125000,15.705,16.205,0,device_1,device_2,2
IFogSim,net,5,1000,0ms,3125000,16.205,16.705,0,device_1,device_2,2
IFogSim,net,5,1000,0ms,3125000,16.705,17.205,0,device_1,device_2,2
IFogSim,net,5,1000,0ms,3125000,17.205,17.705,0,device_1,device_2,2
IFogSim,exec,5,1000,0ms,3125000,15.705,17.705,0,NA,NA,2
IFogSim,exec,5,1000,0ms,3125000,16.205,21.805,0,NA,NA,2
IFogSim,exec,5,1000,0ms,3125000,16.705,21.805,0,NA,NA,2
IFogSim,exec,5,1000,0ms,3125000,17.205,21.805,0,NA,NA,2
IFogSim,exec,5,1000,0ms,3125000,17.705,21.805,0,NA,NA,2
IFogSim,net,6,1000,0ms,3125000,15.0,15.0,0,sensor_6,device_1,1
IFogSim,net,6,1000,0ms,3125000,15.0,15.0,0,sensor_6,device_1,1
IFogSim,net,6,1000,0ms,3125000,15.0,15.0,0,sensor_6,device_1,1
IFogSim,net,6,1000,0ms,3125000,15.0,15.0,0,sensor_6,device_1,1
IFogSim,net,6,1000,0ms,3125000,15.0,15.0,0,sensor_6,device_1,1
IFogSim,net,6,1000,0ms,3125000,15.0,15.0,0,sensor_6,device_1,1
IFogSim,exec,6,1000,0ms,3125000,15.0,15.106,0,NA,NA,1
IFogSim,exec,6,1000,0ms,3125000,15.0,15.106,0,NA,NA,1
IFogSim,exec,6,1000,0ms,3125000,15.0,15.106,0,NA,NA,1
IFogSim,exec,6,1000,0ms,3125000,15.0,15.106,0,NA,NA,1
IFogSim,exec,6,1000,0ms,3125000,15.0,15.106,0,NA,NA,1
IFogSim,exec,6,1000,0ms,3125000,15.0,15.106,0,NA,NA,1
IFogSim,net,6,1000,0ms,3125000,15.206,15.706,0,device_1,device_2,1
IFogSim,net,6,1000,0ms,3125000,15.706,16.206,0,device_1,device_2,1
IFogSim,net,6,1000,0ms,3125000,16.206,16.706,0,device_1,device_2,1
IFogSim,net,6,1000,0ms,3125000,16.706,17.206,0,device_1,device_2,1
IFogSim,net,6,1000,0ms,3125000,17.206,17.706,0,device_1,device_2,1
IFogSim,exec,6,1000,0ms,3125000,15.706,17.706,0,NA,NA,1
IFogSim,net,6,1000,0ms,3125000,17.706,18.206,0,device_1,device_2,1
IFogSim,exec,6,1000,0ms,3125000,16.206,23.305999999999997,0,NA,NA,1
IFogSim,exec,6,1000,0ms,3125000,16.706,23.305999999999997,0,NA,NA,1
IFogSim,exec,6,1000,0ms,3125000,17.206,23.305999999999997,0,NA,NA,1
IFogSim,exec,6,1000,0ms,3125000,17.706,23.305999999999997,0,NA,NA,1
IFogSim,exec,6,1000,0ms,3125000,18.206,23.305999999999997,0,NA,NA,1
IFogSim,net,6,1000,0ms,3125000,15.0,15.0,0,sensor_6,device_1,2
IFogSim,net,6,1000,0ms,3125000,15.0,15.0,0,sensor_6,device_1,2
IFogSim,net,6,1000,0ms,3125000,15.0,15.0,0,sensor_6,device_1,2
IFogSim,net,6,1000,0ms,3125000,15.0,15.0,0,sensor_6,device_1,2
IFogSim,net,6,1000,0ms,3125000,15.0,15.0,0,sensor_6,device_1,2
IFogSim,net,6,1000,0ms,3125000,15.0,15.0,0,sensor_6,device_1,2
IFogSim,exec,6,1000,0ms,3125000,15.0,15.106,0,NA,NA,2
IFogSim,exec,6,1000,0ms,3125000,15.0,15.106,0,NA,NA,2
IFogSim,exec,6,1000,0ms,3125000,15.0,15.106,0,NA,NA,2
IFogSim,exec,6,1000,0ms,3125000,15.0,15.106,0,NA,NA,2
IFogSim,exec,6,1000,0ms,3125000,15.0,15.106,0,NA,NA,2
IFogSim,exec,6,1000,0ms,3125000,15.0,15.106,0,NA,NA,2
IFogSim,net,6,1000,0ms,3125000,15.206,15.706,0,device_1,device_2,2
IFogSim,net,6,1000,0ms,3125000,15.706,16.206,0,device_1,device_2,2
IFogSim,net,6,1000,0ms,3125000,16.206,16.706,0,device_1,device_2,2
IFogSim,net,6,1000,0ms,3125000,16.706,17.206,0,device_1,device_2,2
IFogSim,net,6,1000,0ms,3125000,17.206,17.706,0,device_1,device_2,2
IFogSim,exec,6,1000,0ms,3125000,15.706,17.706,0,NA,NA,2
IFogSim,net,6,1000,0ms,3125000,17.706,18.206,0,device_1,device_2,2
IFogSim,exec,6,1000,0ms,3125000,16.206,23.305999999999997,0,NA,NA,2
IFogSim,exec,6,1000,0ms,3125000,16.706,23.305999999999997,0,NA,NA,2
IFogSim,exec,6,1000,0ms,3125000,17.206,23.305999999999997,0,NA,NA,2
IFogSim,exec,6,1000,0ms,3125000,17.706,23.305999999999997,0,NA,NA,2
IFogSim,exec,6,1000,0ms,3125000,18.206,23.305999999999997,0,NA,NA,2
IFogSim,net,7,1000,0ms,3125000,15.0,15.0,0,sensor_7,device_1,1
IFogSim,net,7,1000,0ms,3125000,15.0,15.0,0,sensor_7,device_1,1
IFogSim,net,7,1000,0ms,3125000,15.0,15.0,0,sensor_7,device_1,1
IFogSim,net,7,1000,0ms,3125000,15.0,15.0,0,sensor_7,device_1,1
IFogSim,net,7,1000,0ms,3125000,15.0,15.0,0,sensor_7,device_1,1
IFogSim,net,7,1000,0ms,3125000,15.0,15.0,0,sensor_7,device_1,1
IFogSim,net,7,1000,0ms,3125000,15.0,15.0,0,sensor_7,device_1,1
IFogSim,exec,7,1000,0ms,3125000,15.0,15.107,0,NA,NA,1
IFogSim,exec,7,1000,0ms,3125000,15.0,15.107,0,NA,NA,1
IFogSim,exec,7,1000,0ms,3125000,15.0,15.107,0,NA,NA,1
IFogSim,exec,7,1000,0ms,3125000,15.0,15.107,0,NA,NA,1
IFogSim,exec,7,1000,0ms,3125000,15.0,15.107,0,NA,NA,1
IFogSim,exec,7,1000,0ms,3125000,15.0,15.107,0,NA,NA,1
IFogSim,exec,7,1000,0ms,3125000,15.0,15.107,0,NA,NA,1
IFogSim,net,7,1000,0ms,3125000,15.206999999999999,15.706999999999999,0,device_1,device_2,1
IFogSim,net,7,1000,0ms,3125000,15.706999999999999,16.207,0,device_1,device_2,1
IFogSim,net,7,1000,0ms,3125000,16.207,16.707,0,device_1,device_2,1
IFogSim,net,7,1000,0ms,3125000,16.707,17.207,0,device_1,device_2,1
IFogSim,net,7,1000,0ms,3125000,17.207,17.707,0,device_1,device_2,1
IFogSim,exec,7,1000,0ms,3125000,15.706999999999999,17.707,0,NA,NA,1
IFogSim,net,7,1000,0ms,3125000,17.707,18.207,0,device_1,device_2,1
IFogSim,net,7,1000,0ms,3125000,18.207,18.707,0,device_1,device_2,1
IFogSim,exec,7,1000,0ms,3125000,16.207,24.807000000000002,0,NA,NA,1
IFogSim,exec,7,1000,0ms,3125000,16.707,24.807000000000002,0,NA,NA,1
IFogSim,exec,7,1000,0ms,3125000,17.207,24.807000000000002,0,NA,NA,1
IFogSim,exec,7,1000,0ms,3125000,17.707,24.807000000000002,0,NA,NA,1
IFogSim,exec,7,1000,0ms,3125000,18.207,24.807000000000002,0,NA,NA,1
IFogSim,exec,7,1000,0ms,3125000,18.707,24.807000000000002,0,NA,NA,1
IFogSim,net,7,1000,0ms,3125000,15.0,15.0,0,sensor_7,device_1,2
IFogSim,net,7,1000,0ms,3125000,15.0,15.0,0,sensor_7,device_1,2
IFogSim,net,7,1000,0ms,3125000,15.0,15.0,0,sensor_7,device_1,2
IFogSim,net,7,1000,0ms,3125000,15.0,15.0,0,sensor_7,device_1,2
IFogSim,net,7,1000,0ms,3125000,15.0,15.0,0,sensor_7,device_1,2
IFogSim,net,7,1000,0ms,3125000,15.0,15.0,0,sensor_7,device_1,2
IFogSim,net,7,1000,0ms,3125000,15.0,15.0,0,sensor_7,device_1,2
IFogSim,exec,7,1000,0ms,3125000,15.0,15.107,0,NA,NA,2
IFogSim,exec,7,1000,0ms,3125000,15.0,15.107,0,NA,NA,2
IFogSim,exec,7,1000,0ms,3125000,15.0,15.107,0,NA,NA,2
IFogSim,exec,7,1000,0ms,3125000,15.0,15.107,0,NA,NA,2
IFogSim,exec,7,1000,0ms,3125000,15.0,15.107,0,NA,NA,2
IFogSim,exec,7,1000,0ms,3125000,15.0,15.107,0,NA,NA,2
IFogSim,exec,7,1000,0ms,3125000,15.0,15.107,0,NA,NA,2
IFogSim,net,7,1000,0ms,3125000,15.206999999999999,15.706999999999999,0,device_1,device_2,2
IFogSim,net,7,1000,0ms,3125000,15.706999999999999,16.207,0,device_1,device_2,2
IFogSim,net,7,1000,0ms,3125000,16.207,16.707,0,device_1,device_2,2
IFogSim,net,7,1000,0ms,3125000,16.707,17.207,0,device_1,device_2,2
IFogSim,net,7,1000,0ms,3125000,17.207,17.707,0,device_1,device_2,2
IFogSim,exec,7,1000,0ms,3125000,15.706999999999999,17.707,0,NA,NA,2
IFogSim,net,7,1000,0ms,3125000,17.707,18.207,0,device_1,device_2,2
IFogSim,net,7,1000,0ms,3125000,18.207,18.707,0,device_1,device_2,2
IFogSim,exec,7,1000,0ms,3125000,16.207,24.807000000000002,0,NA,NA,2
IFogSim,exec,7,1000,0ms,3125000,16.707,24.807000000000002,0,NA,NA,2
IFogSim,exec,7,1000,0ms,3125000,17.207,24.807000000000002,0,NA,NA,2
IFogSim,exec,7,1000,0ms,3125000,17.707,24.807000000000002,0,NA,NA,2
IFogSim,exec,7,1000,0ms,3125000,18.207,24.807000000000002,0,NA,NA,2
IFogSim,exec,7,1000,0ms,3125000,18.707,24.807000000000002,0,NA,NA,2
IFogSim,net,8,1000,0ms,3125000,15.0,15.0,0,sensor_8,device_1,1
IFogSim,net,8,1000,0ms,3125000,15.0,15.0,0,sensor_8,device_1,1
IFogSim,net,8,1000,0ms,3125000,15.0,15.0,0,sensor_8,device_1,1
IFogSim,net,8,1000,0ms,3125000,15.0,15.0,0,sensor_8,device_1,1
IFogSim,net,8,1000,0ms,3125000,15.0,15.0,0,sensor_8,device_1,1
IFogSim,net,8,1000,0ms,3125000,15.0,15.0,0,sensor_8,device_1,1
IFogSim,net,8,1000,0ms,3125000,15.0,15.0,0,sensor_8,device_1,1
IFogSim,net,8,1000,0ms,3125000,15.0,15.0,0,sensor_8,device_1,1
IFogSim,exec,8,1000,0ms,3125000,15.0,15.108,0,NA,NA,1
IFogSim,exec,8,1000,0ms,3125000,15.0,15.108,0,NA,NA,1
IFogSim,exec,8,1000,0ms,3125000,15.0,15.108,0,NA,NA,1
IFogSim,exec,8,1000,0ms,3125000,15.0,15.108,0,NA,NA,1
IFogSim,exec,8,1000,0ms,3125000,15.0,15.108,0,NA,NA,1
IFogSim,exec,8,1000,0ms,3125000,15.0,15.108,0,NA,NA,1
IFogSim,exec,8,1000,0ms,3125000,15.0,15.108,0,NA,NA,1
IFogSim,exec,8,1000,0ms,3125000,15.0,15.108,0,NA,NA,1
IFogSim,net,8,1000,0ms,3125000,15.208,15.708,0,device_1,device_2,1
IFogSim,net,8,1000,0ms,3125000,15.708,16.208,0,device_1,device_2,1
IFogSim,net,8,1000,0ms,3125000,16.208,16.708,0,device_1,device_2,1
IFogSim,net,8,1000,0ms,3125000,16.708,17.208,0,device_1,device_2,1
IFogSim,net,8,1000,0ms,3125000,17.208,17.708,0,device_1,device_2,1
IFogSim,exec,8,1000,0ms,3125000,15.708,17.708,0,NA,NA,1
IFogSim,net,8,1000,0ms,3125000,17.708,18.208,0,device_1,device_2,1
IFogSim,net,8,1000,0ms,3125000,18.208,18.708,0,device_1,device_2,1
IFogSim,net,8,1000,0ms,3125000,18.708,19.208,0,device_1,device_2,1
IFogSim,exec,8,1000,0ms,3125000,16.208,26.308,0,NA,NA,1
IFogSim,exec,8,1000,0ms,3125000,16.708,26.308,0,NA,NA,1
IFogSim,exec,8,1000,0ms,3125000,17.208,26.308,0,NA,NA,1
IFogSim,exec,8,1000,0ms,3125000,17.708,26.308,0,NA,NA,1
IFogSim,exec,8,1000,0ms,3125000,18.208,26.308,0,NA,NA,1
IFogSim,exec,8,1000,0ms,3125000,18.708,26.308,0,NA,NA,1
IFogSim,exec,8,1000,0ms,3125000,19.208,26.308,0,NA,NA,1
IFogSim,net,8,1000,0ms,3125000,15.0,15.0,0,sensor_8,device_1,2
IFogSim,net,8,1000,0ms,3125000,15.0,15.0,0,sensor_8,device_1,2
IFogSim,net,8,1000,0ms,3125000,15.0,15.0,0,sensor_8,device_1,2
IFogSim,net,8,1000,0ms,3125000,15.0,15.0,0,sensor_8,device_1,2
IFogSim,net,8,1000,0ms,3125000,15.0,15.0,0,sensor_8,device_1,2
IFogSim,net,8,1000,0ms,3125000,15.0,15.0,0,sensor_8,device_1,2
IFogSim,net,8,1000,0ms,3125000,15.0,15.0,0,sensor_8,device_1,2
IFogSim,net,8,1000,0ms,3125000,15.0,15.0,0,sensor_8,device_1,2
IFogSim,exec,8,1000,0ms,3125000,15.0,15.108,0,NA,NA,2
IFogSim,exec,8,1000,0ms,3125000,15.0,15.108,0,NA,NA,2
IFogSim,exec,8,1000,0ms,3125000,15.0,15.108,0,NA,NA,2
IFogSim,exec,8,1000,0ms,3125000,15.0,15.108,0,NA,NA,2
IFogSim,exec,8,1000,0ms,3125000,15.0,15.108,0,NA,NA,2
IFogSim,exec,8,1000,0ms,3125000,15.0,15.108,0,NA,NA,2
IFogSim,exec,8,1000,0ms,3125000,15.0,15.108,0,NA,NA,2
IFogSim,exec,8,1000,0ms,3125000,15.0,15.108,0,NA,NA,2
IFogSim,net,8,1000,0ms,3125000,15.208,15.708,0,device_1,device_2,2
IFogSim,net,8,1000,0ms,3125000,15.708,16.208,0,device_1,device_2,2
IFogSim,net,8,1000,0ms,3125000,16.208,16.708,0,device_1,device_2,2
IFogSim,net,8,1000,0ms,3125000,16.708,17.208,0,device_1,device_2,2
IFogSim,net,8,1000,0ms,3125000,17.208,17.708,0,device_1,device_2,2
IFogSim,exec,8,1000,0ms,3125000,15.708,17.708,0,NA,NA,2
IFogSim,net,8,1000,0ms,3125000,17.708,18.208,0,device_1,device_2,2
IFogSim,net,8,1000,0ms,3125000,18.208,18.708,0,device_1,device_2,2
IFogSim,net,8,1000,0ms,3125000,18.708,19.208,0,device_1,device_2,2
IFogSim,exec,8,1000,0ms,3125000,16.208,26.308,0,NA,NA,2
IFogSim,exec,8,1000,0ms,3125000,16.708,26.308,0,NA,NA,2
IFogSim,exec,8,1000,0ms,3125000,17.208,26.308,0,NA,NA,2
IFogSim,exec,8,1000,0ms,3125000,17.708,26.308,0,NA,NA,2
IFogSim,exec,8,1000,0ms,3125000,18.208,26.308,0,NA,NA,2
IFogSim,exec,8,1000,0ms,3125000,18.708,26.308,0,NA,NA,2
IFogSim,exec,8,1000,0ms,3125000,19.208,26.308,0,NA,NA,2
IFogSim,net,9,1000,0ms,3125000,15.0,15.0,0,sensor_9,device_1,1
IFogSim,net,9,1000,0ms,3125000,15.0,15.0,0,sensor_9,device_1,1
IFogSim,net,9,1000,0ms,3125000,15.0,15.0,0,sensor_9,device_1,1
IFogSim,net,9,1000,0ms,3125000,15.0,15.0,0,sensor_9,device_1,1
IFogSim,net,9,1000,0ms,3125000,15.0,15.0,0,sensor_9,device_1,1
IFogSim,net,9,1000,0ms,3125000,15.0,15.0,0,sensor_9,device_1,1
IFogSim,net,9,1000,0ms,3125000,15.0,15.0,0,sensor_9,device_1,1
IFogSim,net,9,1000,0ms,3125000,15.0,15.0,0,sensor_9,device_1,1
IFogSim,net,9,1000,0ms,3125000,15.0,15.0,0,sensor_9,device_1,1
IFogSim,exec,9,1000,0ms,3125000,15.0,15.109,0,NA,NA,1
IFogSim,exec,9,1000,0ms,3125000,15.0,15.109,0,NA,NA,1
IFogSim,exec,9,1000,0ms,3125000,15.0,15.109,0,NA,NA,1
IFogSim,exec,9,1000,0ms,3125000,15.0,15.109,0,NA,NA,1
IFogSim,exec,9,1000,0ms,3125000,15.0,15.109,0,NA,NA,1
IFogSim,exec,9,1000,0ms,3125000,15.0,15.109,0,NA,NA,1
IFogSim,exec,9,1000,0ms,3125000,15.0,15.109,0,NA,NA,1
IFogSim,exec,9,1000,0ms,3125000,15.0,15.109,0,NA,NA,1
IFogSim,exec,9,1000,0ms,3125000,15.0,15.109,0,NA,NA,1
IFogSim,net,9,1000,0ms,3125000,15.209,15.709,0,device_1,device_2,1
IFogSim,net,9,1000,0ms,3125000,15.709,16.209,0,device_1,device_2,1
IFogSim,net,9,1000,0ms,3125000,16.209,16.709,0,device_1,device_2,1
IFogSim,net,9,1000,0ms,3125000,16.709,17.209,0,device_1,device_2,1
IFogSim,net,9,1000,0ms,3125000,17.209,17.709,0,device_1,device_2,1
IFogSim,exec,9,1000,0ms,3125000,15.709,17.709,0,NA,NA,1
IFogSim,net,9,1000,0ms,3125000,17.709,18.209,0,device_1,device_2,1
IFogSim,net,9,1000,0ms,3125000,18.209,18.709,0,device_1,device_2,1
IFogSim,net,9,1000,0ms,3125000,18.709,19.209,0,device_1,device_2,1
IFogSim,net,9,1000,0ms,3125000,19.209,19.709,0,device_1,device_2,1
IFogSim,exec,9,1000,0ms,3125000,16.209,27.808999999999997,0,NA,NA,1
IFogSim,exec,9,1000,0ms,3125000,16.709,27.808999999999997,0,NA,NA,1
IFogSim,exec,9,1000,0ms,3125000,17.209,27.808999999999997,0,NA,NA,1
IFogSim,exec,9,1000,0ms,3125000,17.709,27.808999999999997,0,NA,NA,1
IFogSim,exec,9,1000,0ms,3125000,18.209,27.808999999999997,0,NA,NA,1
IFogSim,exec,9,1000,0ms,3125000,18.709,27.808999999999997,0,NA,NA,1
IFogSim,exec,9,1000,0ms,3125000,19.209,27.808999999999997,0,NA,NA,1
IFogSim,exec,9,1000,0ms,3125000,19.709,27.808999999999997,0,NA,NA,1
IFogSim,net,9,1000,0ms,3125000,15.0,15.0,0,sensor_9,device_1,2
IFogSim,net,9,1000,0ms,3125000,15.0,15.0,0,sensor_9,device_1,2
IFogSim,net,9,1000,0ms,3125000,15.0,15.0,0,sensor_9,device_1,2
IFogSim,net,9,1000,0ms,3125000,15.0,15.0,0,sensor_9,device_1,2
IFogSim,net,9,1000,0ms,3125000,15.0,15.0,0,sensor_9,device_1,2
IFogSim,net,9,1000,0ms,3125000,15.0,15.0,0,sensor_9,device_1,2
IFogSim,net,9,1000,0ms,3125000,15.0,15.0,0,sensor_9,device_1,2
IFogSim,net,9,1000,0ms,3125000,15.0,15.0,0,sensor_9,device_1,2
IFogSim,net,9,1000,0ms,3125000,15.0,15.0,0,sensor_9,device_1,2
IFogSim,exec,9,1000,0ms,3125000,15.0,15.109,0,NA,NA,2
IFogSim,exec,9,1000,0ms,3125000,15.0,15.109,0,NA,NA,2
IFogSim,exec,9,1000,0ms,3125000,15.0,15.109,0,NA,NA,2
IFogSim,exec,9,1000,0ms,3125000,15.0,15.109,0,NA,NA,2
IFogSim,exec,9,1000,0ms,3125000,15.0,15.109,0,NA,NA,2
IFogSim,exec,9,1000,0ms,3125000,15.0,15.109,0,NA,NA,2
IFogSim,exec,9,1000,0ms,3125000,15.0,15.109,0,NA,NA,2
IFogSim,exec,9,1000,0ms,3125000,15.0,15.109,0,NA,NA,2
IFogSim,exec,9,1000,0ms,3125000,15.0,15.109,0,NA,NA,2
IFogSim,net,9,1000,0ms,3125000,15.209,15.709,0,device_1,device_2,2
IFogSim,net,9,1000,0ms,3125000,15.709,16.209,0,device_1,device_2,2
IFogSim,net,9,1000,0ms,3125000,16.209,16.709,0,device_1,device_2,2
IFogSim,net,9,1000,0ms,3125000,16.709,17.209,0,device_1,device_2,2
IFogSim,net,9,1000,0ms,3125000,17.209,17.709,0,device_1,device_2,2
IFogSim,exec,9,1000,0ms,3125000,15.709,17.709,0,NA,NA,2
IFogSim,net,9,1000,0ms,3125000,17.709,18.209,0,device_1,device_2,2
IFogSim,net,9,1000,0ms,3125000,18.209,18.709,0,device_1,device_2,2
IFogSim,net,9,1000,0ms,3125000,18.709,19.209,0,device_1,device_2,2
IFogSim,net,9,1000,0ms,3125000,19.209,19.709,0,device_1,device_2,2
IFogSim,exec,9,1000,0ms,3125000,16.209,27.808999999999997,0,NA,NA,2
IFogSim,exec,9,1000,0ms,3125000,16.709,27.808999999999997,0,NA,NA,2
IFogSim,exec,9,1000,0ms,3125000,17.209,27.808999999999997,0,NA,NA,2
IFogSim,exec,9,1000,0ms,3125000,17.709,27.808999999999997,0,NA,NA,2
IFogSim,exec,9,1000,0ms,3125000,18.209,27.808999999999997,0,NA,NA,2
IFogSim,exec,9,1000,0ms,3125000,18.709,27.808999999999997,0,NA,NA,2
IFogSim,exec,9,1000,0ms,3125000,19.209,27.808999999999997,0,NA,NA,2
IFogSim,exec,9,1000,0ms,3125000,19.709,27.808999999999997,0,NA,NA,2
IFogSim,net,10,1000,0ms,3125000,15.0,15.0,0,sensor_10,device_1,1
IFogSim,net,10,1000,0ms,3125000,15.0,15.0,0,sensor_10,device_1,1
IFogSim,net,10,1000,0ms,3125000,15.0,15.0,0,sensor_10,device_1,1
IFogSim,net,10,1000,0ms,3125000,15.0,15.0,0,sensor_10,device_1,1
IFogSim,net,10,1000,0ms,3125000,15.0,15.0,0,sensor_10,device_1,1
IFogSim,net,10,1000,0ms,3125000,15.0,15.0,0,sensor_10,device_1,1
IFogSim,net,10,1000,0ms,3125000,15.0,15.0,0,sensor_10,device_1,1
IFogSim,net,10,1000,0ms,3125000,15.0,15.0,0,sensor_10,device_1,1
IFogSim,net,10,1000,0ms,3125000,15.0,15.0,0,sensor_10,device_1,1
IFogSim,net,10,1000,0ms,3125000,15.0,15.0,0,sensor_10,device_1,1
IFogSim,exec,10,1000,0ms,3125000,15.0,15.11,0,NA,NA,1
IFogSim,exec,10,1000,0ms,3125000,15.0,15.11,0,NA,NA,1
IFogSim,exec,10,1000,0ms,3125000,15.0,15.11,0,NA,NA,1
IFogSim,exec,10,1000,0ms,3125000,15.0,15.11,0,NA,NA,1
IFogSim,exec,10,1000,0ms,3125000,15.0,15.11,0,NA,NA,1
IFogSim,exec,10,1000,0ms,3125000,15.0,15.11,0,NA,NA,1
IFogSim,exec,10,1000,0ms,3125000,15.0,15.11,0,NA,NA,1
IFogSim,exec,10,1000,0ms,3125000,15.0,15.11,0,NA,NA,1
IFogSim,exec,10,1000,0ms,3125000,15.0,15.11,0,NA,NA,1
IFogSim,exec,10,1000,0ms,3125000,15.0,15.11,0,NA,NA,1
IFogSim,net,10,1000,0ms,3125000,15.209999999999999,15.709999999999999,0,device_1,device_2,1
IFogSim,net,10,1000,0ms,3125000,15.709999999999999,16.21,0,device_1,device_2,1
IFogSim,net,10,1000,0ms,3125000,16.21,16.71,0,device_1,device_2,1
IFogSim,net,10,1000,0ms,3125000,16.71,17.21,0,device_1,device_2,1
IFogSim,net,10,1000,0ms,3125000,17.21,17.71,0,device_1,device_2,1
IFogSim,exec,10,1000,0ms,3125000,15.709999999999999,17.71,0,NA,NA,1
IFogSim,net,10,1000,0ms,3125000,17.71,18.21,0,device_1,device_2,1
IFogSim,net,10,1000,0ms,3125000,18.21,18.71,0,device_1,device_2,1
IFogSim,net,10,1000,0ms,3125000,18.71,19.21,0,device_1,device_2,1
IFogSim,net,10,1000,0ms,3125000,19.21,19.71,0,device_1,device_2,1
IFogSim,net,10,1000,0ms,3125000,19.71,20.21,0,device_1,device_2,1
IFogSim,exec,10,1000,0ms,3125000,16.21,29.310000000000002,0,NA,NA,1
IFogSim,exec,10,1000,0ms,3125000,16.71,29.310000000000002,0,NA,NA,1
IFogSim,exec,10,1000,0ms,3125000,17.21,29.310000000000002,0,NA,NA,1
IFogSim,exec,10,1000,0ms,3125000,17.71,29.310000000000002,0,NA,NA,1
IFogSim,exec,10,1000,0ms,3125000,18.21,29.310000000000002,0,NA,NA,1
IFogSim,exec,10,1000,0ms,3125000,18.71,29.310000000000002,0,NA,NA,1
IFogSim,exec,10,1000,0ms,3125000,19.21,29.310000000000002,0,NA,NA,1
IFogSim,exec,10,1000,0ms,3125000,19.71,29.310000000000002,0,NA,NA,1
IFogSim,exec,10,1000,0ms,3125000,20.21,29.310000000000002,0,NA,NA,1
IFogSim,net,10,1000,0ms,3125000,15.0,15.0,0,sensor_10,device_1,2
IFogSim,net,10,1000,0ms,3125000,15.0,15.0,0,sensor_10,device_1,2
IFogSim,net,10,1000,0ms,3125000,15.0,15.0,0,sensor_10,device_1,2
IFogSim,net,10,1000,0ms,3125000,15.0,15.0,0,sensor_10,device_1,2
IFogSim,net,10,1000,0ms,3125000,15.0,15.0,0,sensor_10,device_1,2
IFogSim,net,10,1000,0ms,3125000,15.0,15.0,0,sensor_10,device_1,2
IFogSim,net,10,1000,0ms,3125000,15.0,15.0,0,sensor_10,device_1,2
IFogSim,net,10,1000,0ms,3125000,15.0,15.0,0,sensor_10,device_1,2
IFogSim,net,10,1000,0ms,3125000,15.0,15.0,0,sensor_10,device_1,2
IFogSim,net,10,1000,0ms,3125000,15.0,15.0,0,sensor_10,device_1,2
IFogSim,exec,10,1000,0ms,3125000,15.0,15.11,0,NA,NA,2
IFogSim,exec,10,1000,0ms,3125000,15.0,15.11,0,NA,NA,2
IFogSim,exec,10,1000,0ms,3125000,15.0,15.11,0,NA,NA,2
IFogSim,exec,10,1000,0ms,3125000,15.0,15.11,0,NA,NA,2
IFogSim,exec,10,1000,0ms,3125000,15.0,15.11,0,NA,NA,2
IFogSim,exec,10,1000,0ms,3125000,15.0,15.11,0,NA,NA,2
IFogSim,exec,10,1000,0ms,3125000,15.0,15.11,0,NA,NA,2
IFogSim,exec,10,1000,0ms,3125000,15.0,15.11,0,NA,NA,2
IFogSim,exec,10,1000,0ms,3125000,15.0,15.11,0,NA,NA,2
IFogSim,exec,10,1000,0ms,3125000,15.0,15.11,0,NA,NA,2
IFogSim,net,10,1000,0ms,3125000,15.209999999999999,15.709999999999999,0,device_1,device_2,2
IFogSim,net,10,1000,0ms,3125000,15.709999999999999,16.21,0,device_1,device_2,2
IFogSim,net,10,1000,0ms,3125000,16.21,16.71,0,device_1,device_2,2
IFogSim,net,10,1000,0ms,3125000,16.71,17.21,0,device_1,device_2,2
IFogSim,net,10,1000,0ms,3125000,17.21,17.71,0,device_1,device_2,2
IFogSim,exec,10,1000,0ms,3125000,15.709999999999999,17.71,0,NA,NA,2
IFogSim,net,10,1000,0ms,3125000,17.71,18.21,0,device_1,device_2,2
IFogSim,net,10,1000,0ms,3125000,18.21,18.71,0,device_1,device_2,2
IFogSim,net,10,1000,0ms,3125000,18.71,19.21,0,device_1,device_2,2
IFogSim,net,10,1000,0ms,3125000,19.21,19.71,0,device_1,device_2,2
IFogSim,net,10,1000,0ms,3125000,19.71,20.21,0,device_1,device_2,2
IFogSim,exec,10,1000,0ms,3125000,16.21,29.310000000000002,0,NA,NA,2
IFogSim,exec,10,1000,0ms,3125000,16.71,29.310000000000002,0,NA,NA,2
IFogSim,exec,10,1000,0ms,3125000,17.21,29.310000000000002,0,NA,NA,2
IFogSim,exec,10,1000,0ms,3125000,17.71,29.310000000000002,0,NA,NA,2
IFogSim,exec,10,1000,0ms,3125000,18.21,29.310000000000002,0,NA,NA,2
IFogSim,exec,10,1000,0ms,3125000,18.71,29.310000000000002,0,NA,NA,2
IFogSim,exec,10,1000,0ms,3125000,19.21,29.310000000000002,0,NA,NA,2
IFogSim,exec,10,1000,0ms,3125000,19.71,29.310000000000002,0,NA,NA,2
IFogSim,exec,10,1000,0ms,3125000,20.21,29.310000000000002,0,NA,NA,2
