simulator,type,nbF,execCost,lat,flowS,start,end,seed,src,dst
IFogSim,net,1,1000,0ms,3125000,15.0,15.0,0,sensor_1,device_1
IFogSim,exec,1,1000,0ms,3125000,15.0,15.101,0,NA,NA
IFogSim,net,1,1000,0ms,3125000,15.201,15.701,0,device_1,device_2
IFogSim,net,1,1000,0ms,3125000,15.701,16.201,0,device_2,device_3
IFogSim,exec,1,1000,0ms,3125000,16.201,17.301000000000002,0,NA,NA
YAFS,net,1,1000,0ms,3125000,15,16,0,src,dst
YAFS,exec,1,1000,0ms,3125000,16,17,0,src,dst
simgrid,net,1,1000,0ms,3125000,15.000000,15.541237,0,src,dst
simgrid,exec,1,1000,0ms,3125000,15.541237,16.541237,0,NA,NA
ns3,net,1,1000,0ms,3125000,15,15.5257,1,src,dst
IFogSim,net,2,1000,0ms,3125000,15.0,15.0,0,sensor_2,device_1
IFogSim,net,2,1000,0ms,3125000,15.0,15.0,0,sensor_2,device_1
IFogSim,exec,2,1000,0ms,3125000,15.0,15.102,0,NA,NA
IFogSim,exec,2,1000,0ms,3125000,15.0,15.102,0,NA,NA
IFogSim,net,2,1000,0ms,3125000,15.202,15.702,0,device_1,device_2
IFogSim,net,2,1000,0ms,3125000,15.702,16.201999999999998,0,device_1,device_2
IFogSim,net,2,1000,0ms,3125000,15.702,16.201999999999998,0,device_2,device_3
IFogSim,net,2,1000,0ms,3125000,16.201999999999998,16.701999999999998,0,device_2,device_3
IFogSim,exec,2,1000,0ms,3125000,16.201999999999998,18.802,0,NA,NA
IFogSim,exec,2,1000,0ms,3125000,16.701999999999998,18.802,0,NA,NA
YAFS,net,2,1000,0ms,3125000,15,16,0,src,dst
YAFS,exec,2,1000,0ms,3125000,16,17,0,src,dst
YAFS,net,2,1000,0ms,3125000,15,16.5,0,src,dst
YAFS,exec,2,1000,0ms,3125000,17,18,0,src,dst
simgrid,net,2,1000,0ms,3125000,15.000000,16.082474,0,src,dst
simgrid,net,2,1000,0ms,3125000,15.000000,16.082474,0,src,dst
simgrid,exec,2,1000,0ms,3125000,16.082474,18.082474,0,NA,NA
simgrid,exec,2,1000,0ms,3125000,16.082474,18.082474,0,NA,NA
ns3,net,2,1000,0ms,3125000,15,16.051,1,src,dst
ns3,net,2,1000,0ms,3125000,15,16.051,1,src,dst
IFogSim,net,3,1000,0ms,3125000,15.0,15.0,0,sensor_3,device_1
IFogSim,net,3,1000,0ms,3125000,15.0,15.0,0,sensor_3,device_1
IFogSim,net,3,1000,0ms,3125000,15.0,15.0,0,sensor_3,device_1
IFogSim,exec,3,1000,0ms,3125000,15.0,15.103,0,NA,NA
IFogSim,exec,3,1000,0ms,3125000,15.0,15.103,0,NA,NA
IFogSim,exec,3,1000,0ms,3125000,15.0,15.103,0,NA,NA
IFogSim,net,3,1000,0ms,3125000,15.203,15.703,0,device_1,device_2
IFogSim,net,3,1000,0ms,3125000,15.703,16.203,0,device_1,device_2
IFogSim,net,3,1000,0ms,3125000,15.703,16.203,0,device_2,device_3
IFogSim,net,3,1000,0ms,3125000,16.203,16.703,0,device_1,device_2
IFogSim,net,3,1000,0ms,3125000,16.203,16.703,0,device_2,device_3
IFogSim,net,3,1000,0ms,3125000,16.703,17.203,0,device_2,device_3
IFogSim,exec,3,1000,0ms,3125000,16.203,20.303,0,NA,NA
IFogSim,exec,3,1000,0ms,3125000,16.703,20.303,0,NA,NA
IFogSim,exec,3,1000,0ms,3125000,17.203,20.303,0,NA,NA
YAFS,net,3,1000,0ms,3125000,15,16,0,src,dst
YAFS,exec,3,1000,0ms,3125000,16,17,0,src,dst
YAFS,net,3,1000,0ms,3125000,15,16.5,0,src,dst
YAFS,exec,3,1000,0ms,3125000,17,18,0,src,dst
YAFS,net,3,1000,0ms,3125000,15,17,0,src,dst
YAFS,exec,3,1000,0ms,3125000,18,19,0,src,dst
simgrid,net,3,1000,0ms,3125000,15.000000,16.623711,0,src,dst
simgrid,net,3,1000,0ms,3125000,15.000000,16.623711,0,src,dst
simgrid,net,3,1000,0ms,3125000,15.000000,16.623711,0,src,dst
simgrid,exec,3,1000,0ms,3125000,16.623711,19.623711,0,NA,NA
simgrid,exec,3,1000,0ms,3125000,16.623711,19.623711,0,NA,NA
simgrid,exec,3,1000,0ms,3125000,16.623711,19.623711,0,NA,NA
ns3,net,3,1000,0ms,3125000,15,16.4948,1,src,dst
ns3,net,3,1000,0ms,3125000,15,16.5764,1,src,dst
ns3,net,3,1000,0ms,3125000,15,16.566,1,src,dst
IFogSim,net,4,1000,0ms,3125000,15.0,15.0,0,sensor_4,device_1
IFogSim,net,4,1000,0ms,3125000,15.0,15.0,0,sensor_4,device_1
IFogSim,net,4,1000,0ms,3125000,15.0,15.0,0,sensor_4,device_1
IFogSim,net,4,1000,0ms,3125000,15.0,15.0,0,sensor_4,device_1
IFogSim,exec,4,1000,0ms,3125000,15.0,15.104,0,NA,NA
IFogSim,exec,4,1000,0ms,3125000,15.0,15.104,0,NA,NA
IFogSim,exec,4,1000,0ms,3125000,15.0,15.104,0,NA,NA
IFogSim,exec,4,1000,0ms,3125000,15.0,15.104,0,NA,NA
IFogSim,net,4,1000,0ms,3125000,15.203999999999999,15.703999999999999,0,device_1,device_2
IFogSim,net,4,1000,0ms,3125000,15.703999999999999,16.204,0,device_1,device_2
IFogSim,net,4,1000,0ms,3125000,15.703999999999999,16.204,0,device_2,device_3
IFogSim,net,4,1000,0ms,3125000,16.204,16.704,0,device_1,device_2
IFogSim,net,4,1000,0ms,3125000,16.204,16.704,0,device_2,device_3
IFogSim,net,4,1000,0ms,3125000,16.704,17.204,0,device_1,device_2
IFogSim,net,4,1000,0ms,3125000,16.704,17.204,0,device_2,device_3
IFogSim,net,4,1000,0ms,3125000,17.204,17.704,0,device_2,device_3
IFogSim,exec,4,1000,0ms,3125000,16.204,21.804000000000002,0,NA,NA
IFogSim,exec,4,1000,0ms,3125000,16.704,21.804000000000002,0,NA,NA
IFogSim,exec,4,1000,0ms,3125000,17.204,21.804000000000002,0,NA,NA
IFogSim,exec,4,1000,0ms,3125000,17.704,21.804000000000002,0,NA,NA
YAFS,net,4,1000,0ms,3125000,15,16,0,src,dst
YAFS,exec,4,1000,0ms,3125000,16,17,0,src,dst
YAFS,net,4,1000,0ms,3125000,15,16.5,0,src,dst
YAFS,exec,4,1000,0ms,3125000,17,18,0,src,dst
YAFS,net,4,1000,0ms,3125000,15,17,0,src,dst
YAFS,exec,4,1000,0ms,3125000,18,19,0,src,dst
YAFS,net,4,1000,0ms,3125000,15,17.5,0,src,dst
YAFS,exec,4,1000,0ms,3125000,19,20,0,src,dst
simgrid,net,4,1000,0ms,3125000,15.000000,17.164948,0,src,dst
simgrid,net,4,1000,0ms,3125000,15.000000,17.164948,0,src,dst
simgrid,net,4,1000,0ms,3125000,15.000000,17.164948,0,src,dst
simgrid,net,4,1000,0ms,3125000,15.000000,17.164948,0,src,dst
simgrid,exec,4,1000,0ms,3125000,17.164948,21.164948,0,NA,NA
simgrid,exec,4,1000,0ms,3125000,17.164948,21.164948,0,NA,NA
simgrid,exec,4,1000,0ms,3125000,17.164948,21.164948,0,NA,NA
simgrid,exec,4,1000,0ms,3125000,17.164948,21.164948,0,NA,NA
ns3,net,4,1000,0ms,3125000,15,17.0315,1,src,dst
ns3,net,4,1000,0ms,3125000,15,17.1014,1,src,dst
ns3,net,4,1000,0ms,3125000,15,17.1018,1,src,dst
ns3,net,4,1000,0ms,3125000,15,17.1018,1,src,dst
IFogSim,net,5,1000,0ms,3125000,15.0,15.0,0,sensor_5,device_1
IFogSim,net,5,1000,0ms,3125000,15.0,15.0,0,sensor_5,device_1
IFogSim,net,5,1000,0ms,3125000,15.0,15.0,0,sensor_5,device_1
IFogSim,net,5,1000,0ms,3125000,15.0,15.0,0,sensor_5,device_1
IFogSim,net,5,1000,0ms,3125000,15.0,15.0,0,sensor_5,device_1
IFogSim,exec,5,1000,0ms,3125000,15.0,15.105,0,NA,NA
IFogSim,exec,5,1000,0ms,3125000,15.0,15.105,0,NA,NA
IFogSim,exec,5,1000,0ms,3125000,15.0,15.105,0,NA,NA
IFogSim,exec,5,1000,0ms,3125000,15.0,15.105,0,NA,NA
IFogSim,exec,5,1000,0ms,3125000,15.0,15.105,0,NA,NA
IFogSim,net,5,1000,0ms,3125000,15.205,15.705,0,device_1,device_2
IFogSim,net,5,1000,0ms,3125000,15.705,16.205,0,device_1,device_2
IFogSim,net,5,1000,0ms,3125000,15.705,16.205,0,device_2,device_3
IFogSim,net,5,1000,0ms,3125000,16.205,16.705,0,device_1,device_2
IFogSim,net,5,1000,0ms,3125000,16.205,16.705,0,device_2,device_3
IFogSim,net,5,1000,0ms,3125000,16.705,17.205,0,device_1,device_2
IFogSim,net,5,1000,0ms,3125000,16.705,17.205,0,device_2,device_3
IFogSim,net,5,1000,0ms,3125000,17.205,17.705,0,device_1,device_2
IFogSim,net,5,1000,0ms,3125000,17.205,17.705,0,device_2,device_3
IFogSim,net,5,1000,0ms,3125000,17.705,18.205,0,device_2,device_3
IFogSim,exec,5,1000,0ms,3125000,16.205,18.205,0,NA,NA
IFogSim,exec,5,1000,0ms,3125000,16.705,22.305,0,NA,NA
IFogSim,exec,5,1000,0ms,3125000,17.205,22.305,0,NA,NA
IFogSim,exec,5,1000,0ms,3125000,17.705,22.305,0,NA,NA
IFogSim,exec,5,1000,0ms,3125000,18.205,22.305,0,NA,NA
YAFS,net,5,1000,0ms,3125000,15,16,0,src,dst
YAFS,exec,5,1000,0ms,3125000,16,17,0,src,dst
YAFS,net,5,1000,0ms,3125000,15,16.5,0,src,dst
YAFS,exec,5,1000,0ms,3125000,17,18,0,src,dst
YAFS,net,5,1000,0ms,3125000,15,17,0,src,dst
YAFS,exec,5,1000,0ms,3125000,18,19,0,src,dst
YAFS,net,5,1000,0ms,3125000,15,17.5,0,src,dst
YAFS,exec,5,1000,0ms,3125000,19,20,0,src,dst
YAFS,net,5,1000,0ms,3125000,15,18,0,src,dst
YAFS,exec,5,1000,0ms,3125000,20,21,0,src,dst
simgrid,net,5,1000,0ms,3125000,15.000000,17.706186,0,src,dst
simgrid,net,5,1000,0ms,3125000,15.000000,17.706186,0,src,dst
simgrid,net,5,1000,0ms,3125000,15.000000,17.706186,0,src,dst
simgrid,net,5,1000,0ms,3125000,15.000000,17.706186,0,src,dst
simgrid,net,5,1000,0ms,3125000,15.000000,17.706186,0,src,dst
simgrid,exec,5,1000,0ms,3125000,17.706186,22.706186,0,NA,NA
simgrid,exec,5,1000,0ms,3125000,17.706186,22.706186,0,NA,NA
simgrid,exec,5,1000,0ms,3125000,17.706186,22.706186,0,NA,NA
simgrid,exec,5,1000,0ms,3125000,17.706186,22.706186,0,NA,NA
simgrid,exec,5,1000,0ms,3125000,17.706186,22.706186,0,NA,NA
ns3,net,5,1000,0ms,3125000,15,17.6272,1,src,dst
ns3,net,5,1000,0ms,3125000,15,17.6272,1,src,dst
ns3,net,5,1000,0ms,3125000,15,17.6272,1,src,dst
ns3,net,5,1000,0ms,3125000,15,17.6272,1,src,dst
ns3,net,5,1000,0ms,3125000,15.0001,17.6272,1,src,dst
IFogSim,net,6,1000,0ms,3125000,15.0,15.0,0,sensor_6,device_1
IFogSim,net,6,1000,0ms,3125000,15.0,15.0,0,sensor_6,device_1
IFogSim,net,6,1000,0ms,3125000,15.0,15.0,0,sensor_6,device_1
IFogSim,net,6,1000,0ms,3125000,15.0,15.0,0,sensor_6,device_1
IFogSim,net,6,1000,0ms,3125000,15.0,15.0,0,sensor_6,device_1
IFogSim,net,6,1000,0ms,3125000,15.0,15.0,0,sensor_6,device_1
IFogSim,exec,6,1000,0ms,3125000,15.0,15.106,0,NA,NA
IFogSim,exec,6,1000,0ms,3125000,15.0,15.106,0,NA,NA
IFogSim,exec,6,1000,0ms,3125000,15.0,15.106,0,NA,NA
IFogSim,exec,6,1000,0ms,3125000,15.0,15.106,0,NA,NA
IFogSim,exec,6,1000,0ms,3125000,15.0,15.106,0,NA,NA
IFogSim,exec,6,1000,0ms,3125000,15.0,15.106,0,NA,NA
IFogSim,net,6,1000,0ms,3125000,15.206,15.706,0,device_1,device_2
IFogSim,net,6,1000,0ms,3125000,15.706,16.206,0,device_1,device_2
IFogSim,net,6,1000,0ms,3125000,15.706,16.206,0,device_2,device_3
IFogSim,net,6,1000,0ms,3125000,16.206,16.706,0,device_1,device_2
IFogSim,net,6,1000,0ms,3125000,16.206,16.706,0,device_2,device_3
IFogSim,net,6,1000,0ms,3125000,16.706,17.206,0,device_1,device_2
IFogSim,net,6,1000,0ms,3125000,16.706,17.206,0,device_2,device_3
IFogSim,net,6,1000,0ms,3125000,17.206,17.706,0,device_1,device_2
IFogSim,net,6,1000,0ms,3125000,17.206,17.706,0,device_2,device_3
IFogSim,net,6,1000,0ms,3125000,17.706,18.206,0,device_1,device_2
IFogSim,net,6,1000,0ms,3125000,17.706,18.206,0,device_2,device_3
IFogSim,exec,6,1000,0ms,3125000,16.206,18.206,0,NA,NA
IFogSim,net,6,1000,0ms,3125000,18.206,18.706,0,device_2,device_3
IFogSim,exec,6,1000,0ms,3125000,16.706,23.805999999999997,0,NA,NA
IFogSim,exec,6,1000,0ms,3125000,17.206,23.805999999999997,0,NA,NA
IFogSim,exec,6,1000,0ms,3125000,17.706,23.805999999999997,0,NA,NA
IFogSim,exec,6,1000,0ms,3125000,18.206,23.805999999999997,0,NA,NA
IFogSim,exec,6,1000,0ms,3125000,18.706,23.805999999999997,0,NA,NA
YAFS,net,6,1000,0ms,3125000,15,16,0,src,dst
YAFS,exec,6,1000,0ms,3125000,16,17,0,src,dst
YAFS,net,6,1000,0ms,3125000,15,16.5,0,src,dst
YAFS,exec,6,1000,0ms,3125000,17,18,0,src,dst
YAFS,net,6,1000,0ms,3125000,15,17,0,src,dst
YAFS,exec,6,1000,0ms,3125000,18,19,0,src,dst
YAFS,net,6,1000,0ms,3125000,15,17.5,0,src,dst
YAFS,exec,6,1000,0ms,3125000,19,20,0,src,dst
YAFS,net,6,1000,0ms,3125000,15,18,0,src,dst
YAFS,exec,6,1000,0ms,3125000,20,21,0,src,dst
YAFS,net,6,1000,0ms,3125000,15,18.5,0,src,dst
YAFS,exec,6,1000,0ms,3125000,21,22,0,src,dst
simgrid,net,6,1000,0ms,3125000,15.000000,18.247423,0,src,dst
simgrid,net,6,1000,0ms,3125000,15.000000,18.247423,0,src,dst
simgrid,net,6,1000,0ms,3125000,15.000000,18.247423,0,src,dst
simgrid,net,6,1000,0ms,3125000,15.000000,18.247423,0,src,dst
simgrid,net,6,1000,0ms,3125000,15.000000,18.247423,0,src,dst
simgrid,net,6,1000,0ms,3125000,15.000000,18.247423,0,src,dst
simgrid,exec,6,1000,0ms,3125000,18.247423,24.247423,0,NA,NA
simgrid,exec,6,1000,0ms,3125000,18.247423,24.247423,0,NA,NA
simgrid,exec,6,1000,0ms,3125000,18.247423,24.247423,0,NA,NA
simgrid,exec,6,1000,0ms,3125000,18.247423,24.247423,0,NA,NA
simgrid,exec,6,1000,0ms,3125000,18.247423,24.247423,0,NA,NA
simgrid,exec,6,1000,0ms,3125000,18.247423,24.247423,0,NA,NA
ns3,net,6,1000,0ms,3125000,15,18.1526,1,src,dst
ns3,net,6,1000,0ms,3125000,15,18.1526,1,src,dst
ns3,net,6,1000,0ms,3125000,15,18.1526,1,src,dst
ns3,net,6,1000,0ms,3125000,15,18.1526,1,src,dst
ns3,net,6,1000,0ms,3125000,15.0001,18.1527,1,src,dst
ns3,net,6,1000,0ms,3125000,15.0001,18.1527,1,src,dst
IFogSim,net,7,1000,0ms,3125000,15.0,15.0,0,sensor_7,device_1
IFogSim,net,7,1000,0ms,3125000,15.0,15.0,0,sensor_7,device_1
IFogSim,net,7,1000,0ms,3125000,15.0,15.0,0,sensor_7,device_1
IFogSim,net,7,1000,0ms,3125000,15.0,15.0,0,sensor_7,device_1
IFogSim,net,7,1000,0ms,3125000,15.0,15.0,0,sensor_7,device_1
IFogSim,net,7,1000,0ms,3125000,15.0,15.0,0,sensor_7,device_1
IFogSim,net,7,1000,0ms,3125000,15.0,15.0,0,sensor_7,device_1
IFogSim,exec,7,1000,0ms,3125000,15.0,15.107,0,NA,NA
IFogSim,exec,7,1000,0ms,3125000,15.0,15.107,0,NA,NA
IFogSim,exec,7,1000,0ms,3125000,15.0,15.107,0,NA,NA
IFogSim,exec,7,1000,0ms,3125000,15.0,15.107,0,NA,NA
IFogSim,exec,7,1000,0ms,3125000,15.0,15.107,0,NA,NA
IFogSim,exec,7,1000,0ms,3125000,15.0,15.107,0,NA,NA
IFogSim,exec,7,1000,0ms,3125000,15.0,15.107,0,NA,NA
IFogSim,net,7,1000,0ms,3125000,15.206999999999999,15.706999999999999,0,device_1,device_2
IFogSim,net,7,1000,0ms,3125000,15.706999999999999,16.207,0,device_1,device_2
IFogSim,net,7,1000,0ms,3125000,15.706999999999999,16.207,0,device_2,device_3
IFogSim,net,7,1000,0ms,3125000,16.207,16.707,0,device_1,device_2
IFogSim,net,7,1000,0ms,3125000,16.207,16.707,0,device_2,device_3
IFogSim,net,7,1000,0ms,3125000,16.707,17.207,0,device_1,device_2
IFogSim,net,7,1000,0ms,3125000,16.707,17.207,0,device_2,device_3
IFogSim,net,7,1000,0ms,3125000,17.207,17.707,0,device_1,device_2
IFogSim,net,7,1000,0ms,3125000,17.207,17.707,0,device_2,device_3
IFogSim,net,7,1000,0ms,3125000,17.707,18.207,0,device_1,device_2
IFogSim,net,7,1000,0ms,3125000,17.707,18.207,0,device_2,device_3
IFogSim,exec,7,1000,0ms,3125000,16.207,18.207,0,NA,NA
IFogSim,net,7,1000,0ms,3125000,18.207,18.707,0,device_1,device_2
IFogSim,net,7,1000,0ms,3125000,18.207,18.707,0,device_2,device_3
IFogSim,net,7,1000,0ms,3125000,18.707,19.207,0,device_2,device_3
IFogSim,exec,7,1000,0ms,3125000,16.707,25.307000000000002,0,NA,NA
IFogSim,exec,7,1000,0ms,3125000,17.207,25.307000000000002,0,NA,NA
IFogSim,exec,7,1000,0ms,3125000,17.707,25.307000000000002,0,NA,NA
IFogSim,exec,7,1000,0ms,3125000,18.207,25.307000000000002,0,NA,NA
IFogSim,exec,7,1000,0ms,3125000,18.707,25.307000000000002,0,NA,NA
IFogSim,exec,7,1000,0ms,3125000,19.207,25.307000000000002,0,NA,NA
YAFS,net,7,1000,0ms,3125000,15,16,0,src,dst
YAFS,exec,7,1000,0ms,3125000,16,17,0,src,dst
YAFS,net,7,1000,0ms,3125000,15,16.5,0,src,dst
YAFS,exec,7,1000,0ms,3125000,17,18,0,src,dst
YAFS,net,7,1000,0ms,3125000,15,17,0,src,dst
YAFS,exec,7,1000,0ms,3125000,18,19,0,src,dst
YAFS,net,7,1000,0ms,3125000,15,17.5,0,src,dst
YAFS,exec,7,1000,0ms,3125000,19,20,0,src,dst
YAFS,net,7,1000,0ms,3125000,15,18,0,src,dst
YAFS,exec,7,1000,0ms,3125000,20,21,0,src,dst
YAFS,net,7,1000,0ms,3125000,15,18.5,0,src,dst
YAFS,exec,7,1000,0ms,3125000,21,22,0,src,dst
YAFS,net,7,1000,0ms,3125000,15,19,0,src,dst
YAFS,exec,7,1000,0ms,3125000,22,23,0,src,dst
simgrid,net,7,1000,0ms,3125000,15.000000,18.788660,0,src,dst
simgrid,net,7,1000,0ms,3125000,15.000000,18.788660,0,src,dst
simgrid,net,7,1000,0ms,3125000,15.000000,18.788660,0,src,dst
simgrid,net,7,1000,0ms,3125000,15.000000,18.788660,0,src,dst
simgrid,net,7,1000,0ms,3125000,15.000000,18.788660,0,src,dst
simgrid,net,7,1000,0ms,3125000,15.000000,18.788660,0,src,dst
simgrid,net,7,1000,0ms,3125000,15.000000,18.788660,0,src,dst
simgrid,exec,7,1000,0ms,3125000,18.788660,25.788660,0,NA,NA
simgrid,exec,7,1000,0ms,3125000,18.788660,25.788660,0,NA,NA
simgrid,exec,7,1000,0ms,3125000,18.788660,25.788660,0,NA,NA
simgrid,exec,7,1000,0ms,3125000,18.788660,25.788660,0,NA,NA
simgrid,exec,7,1000,0ms,3125000,18.788660,25.788660,0,NA,NA
simgrid,exec,7,1000,0ms,3125000,18.788660,25.788660,0,NA,NA
simgrid,exec,7,1000,0ms,3125000,18.788660,25.788660,0,NA,NA
ns3,net,7,1000,0ms,3125000,15,18.6669,1,src,dst
ns3,net,7,1000,0ms,3125000,15,18.6623,1,src,dst
ns3,net,7,1000,0ms,3125000,15,18.6735,1,src,dst
ns3,net,7,1000,0ms,3125000,15,18.673,1,src,dst
ns3,net,7,1000,0ms,3125000,15.0001,18.6782,1,src,dst
ns3,net,7,1000,0ms,3125000,15.0001,18.6745,1,src,dst
ns3,net,7,1000,0ms,3125000,15.0001,18.675,1,src,dst
IFogSim,net,8,1000,0ms,3125000,15.0,15.0,0,sensor_8,device_1
IFogSim,net,8,1000,0ms,3125000,15.0,15.0,0,sensor_8,device_1
IFogSim,net,8,1000,0ms,3125000,15.0,15.0,0,sensor_8,device_1
IFogSim,net,8,1000,0ms,3125000,15.0,15.0,0,sensor_8,device_1
IFogSim,net,8,1000,0ms,3125000,15.0,15.0,0,sensor_8,device_1
IFogSim,net,8,1000,0ms,3125000,15.0,15.0,0,sensor_8,device_1
IFogSim,net,8,1000,0ms,3125000,15.0,15.0,0,sensor_8,device_1
IFogSim,net,8,1000,0ms,3125000,15.0,15.0,0,sensor_8,device_1
IFogSim,exec,8,1000,0ms,3125000,15.0,15.108,0,NA,NA
IFogSim,exec,8,1000,0ms,3125000,15.0,15.108,0,NA,NA
IFogSim,exec,8,1000,0ms,3125000,15.0,15.108,0,NA,NA
IFogSim,exec,8,1000,0ms,3125000,15.0,15.108,0,NA,NA
IFogSim,exec,8,1000,0ms,3125000,15.0,15.108,0,NA,NA
IFogSim,exec,8,1000,0ms,3125000,15.0,15.108,0,NA,NA
IFogSim,exec,8,1000,0ms,3125000,15.0,15.108,0,NA,NA
IFogSim,exec,8,1000,0ms,3125000,15.0,15.108,0,NA,NA
IFogSim,net,8,1000,0ms,3125000,15.208,15.708,0,device_1,device_2
IFogSim,net,8,1000,0ms,3125000,15.708,16.208,0,device_1,device_2
IFogSim,net,8,1000,0ms,3125000,15.708,16.208,0,device_2,device_3
IFogSim,net,8,1000,0ms,3125000,16.208,16.708,0,device_1,device_2
IFogSim,net,8,1000,0ms,3125000,16.208,16.708,0,device_2,device_3
IFogSim,net,8,1000,0ms,3125000,16.708,17.208,0,device_1,device_2
IFogSim,net,8,1000,0ms,3125000,16.708,17.208,0,device_2,device_3
IFogSim,net,8,1000,0ms,3125000,17.208,17.708,0,device_1,device_2
IFogSim,net,8,1000,0ms,3125000,17.208,17.708,0,device_2,device_3
IFogSim,net,8,1000,0ms,3125000,17.708,18.208,0,device_1,device_2
IFogSim,net,8,1000,0ms,3125000,17.708,18.208,0,device_2,device_3
IFogSim,exec,8,1000,0ms,3125000,16.208,18.208,0,NA,NA
IFogSim,net,8,1000,0ms,3125000,18.208,18.708,0,device_1,device_2
IFogSim,net,8,1000,0ms,3125000,18.208,18.708,0,device_2,device_3
IFogSim,net,8,1000,0ms,3125000,18.708,19.208,0,device_1,device_2
IFogSim,net,8,1000,0ms,3125000,18.708,19.208,0,device_2,device_3
IFogSim,net,8,1000,0ms,3125000,19.208,19.708,0,device_2,device_3
IFogSim,exec,8,1000,0ms,3125000,16.708,26.808,0,NA,NA
IFogSim,exec,8,1000,0ms,3125000,17.208,26.808,0,NA,NA
IFogSim,exec,8,1000,0ms,3125000,17.708,26.808,0,NA,NA
IFogSim,exec,8,1000,0ms,3125000,18.208,26.808,0,NA,NA
IFogSim,exec,8,1000,0ms,3125000,18.708,26.808,0,NA,NA
IFogSim,exec,8,1000,0ms,3125000,19.208,26.808,0,NA,NA
IFogSim,exec,8,1000,0ms,3125000,19.708,26.808,0,NA,NA
YAFS,net,8,1000,0ms,3125000,15,16,0,src,dst
YAFS,exec,8,1000,0ms,3125000,16,17,0,src,dst
YAFS,net,8,1000,0ms,3125000,15,16.5,0,src,dst
YAFS,exec,8,1000,0ms,3125000,17,18,0,src,dst
YAFS,net,8,1000,0ms,3125000,15,17,0,src,dst
YAFS,exec,8,1000,0ms,3125000,18,19,0,src,dst
YAFS,net,8,1000,0ms,3125000,15,17.5,0,src,dst
YAFS,exec,8,1000,0ms,3125000,19,20,0,src,dst
YAFS,net,8,1000,0ms,3125000,15,18,0,src,dst
YAFS,exec,8,1000,0ms,3125000,20,21,0,src,dst
YAFS,net,8,1000,0ms,3125000,15,18.5,0,src,dst
YAFS,exec,8,1000,0ms,3125000,21,22,0,src,dst
YAFS,net,8,1000,0ms,3125000,15,19,0,src,dst
YAFS,exec,8,1000,0ms,3125000,22,23,0,src,dst
YAFS,net,8,1000,0ms,3125000,15,19.5,0,src,dst
YAFS,exec,8,1000,0ms,3125000,23,24,0,src,dst
simgrid,net,8,1000,0ms,3125000,15.000000,19.329897,0,src,dst
simgrid,net,8,1000,0ms,3125000,15.000000,19.329897,0,src,dst
simgrid,net,8,1000,0ms,3125000,15.000000,19.329897,0,src,dst
simgrid,net,8,1000,0ms,3125000,15.000000,19.329897,0,src,dst
simgrid,net,8,1000,0ms,3125000,15.000000,19.329897,0,src,dst
simgrid,net,8,1000,0ms,3125000,15.000000,19.329897,0,src,dst
simgrid,net,8,1000,0ms,3125000,15.000000,19.329897,0,src,dst
simgrid,net,8,1000,0ms,3125000,15.000000,19.329897,0,src,dst
simgrid,exec,8,1000,0ms,3125000,19.329897,27.329897,0,NA,NA
simgrid,exec,8,1000,0ms,3125000,19.329897,27.329897,0,NA,NA
simgrid,exec,8,1000,0ms,3125000,19.329897,27.329897,0,NA,NA
simgrid,exec,8,1000,0ms,3125000,19.329897,27.329897,0,NA,NA
simgrid,exec,8,1000,0ms,3125000,19.329897,27.329897,0,NA,NA
simgrid,exec,8,1000,0ms,3125000,19.329897,27.329897,0,NA,NA
simgrid,exec,8,1000,0ms,3125000,19.329897,27.329897,0,NA,NA
simgrid,exec,8,1000,0ms,3125000,19.329897,27.329897,0,NA,NA
ns3,net,8,1000,0ms,3125000,15,19.2031,1,src,dst
ns3,net,8,1000,0ms,3125000,15,19.1909,1,src,dst
ns3,net,8,1000,0ms,3125000,15,19.1551,1,src,dst
ns3,net,8,1000,0ms,3125000,15,19.2038,1,src,dst
ns3,net,8,1000,0ms,3125000,15.0001,19.1868,1,src,dst
ns3,net,8,1000,0ms,3125000,15.0001,19.2038,1,src,dst
ns3,net,8,1000,0ms,3125000,15.0001,19.1735,1,src,dst
ns3,net,8,1000,0ms,3125000,15.0001,19.2039,1,src,dst
IFogSim,net,9,1000,0ms,3125000,15.0,15.0,0,sensor_9,device_1
IFogSim,net,9,1000,0ms,3125000,15.0,15.0,0,sensor_9,device_1
IFogSim,net,9,1000,0ms,3125000,15.0,15.0,0,sensor_9,device_1
IFogSim,net,9,1000,0ms,3125000,15.0,15.0,0,sensor_9,device_1
IFogSim,net,9,1000,0ms,3125000,15.0,15.0,0,sensor_9,device_1
IFogSim,net,9,1000,0ms,3125000,15.0,15.0,0,sensor_9,device_1
IFogSim,net,9,1000,0ms,3125000,15.0,15.0,0,sensor_9,device_1
IFogSim,net,9,1000,0ms,3125000,15.0,15.0,0,sensor_9,device_1
IFogSim,net,9,1000,0ms,3125000,15.0,15.0,0,sensor_9,device_1
IFogSim,exec,9,1000,0ms,3125000,15.0,15.109,0,NA,NA
IFogSim,exec,9,1000,0ms,3125000,15.0,15.109,0,NA,NA
IFogSim,exec,9,1000,0ms,3125000,15.0,15.109,0,NA,NA
IFogSim,exec,9,1000,0ms,3125000,15.0,15.109,0,NA,NA
IFogSim,exec,9,1000,0ms,3125000,15.0,15.109,0,NA,NA
IFogSim,exec,9,1000,0ms,3125000,15.0,15.109,0,NA,NA
IFogSim,exec,9,1000,0ms,3125000,15.0,15.109,0,NA,NA
IFogSim,exec,9,1000,0ms,3125000,15.0,15.109,0,NA,NA
IFogSim,exec,9,1000,0ms,3125000,15.0,15.109,0,NA,NA
IFogSim,net,9,1000,0ms,3125000,15.209,15.709,0,device_1,device_2
IFogSim,net,9,1000,0ms,3125000,15.709,16.209,0,device_1,device_2
IFogSim,net,9,1000,0ms,3125000,15.709,16.209,0,device_2,device_3
IFogSim,net,9,1000,0ms,3125000,16.209,16.709,0,device_1,device_2
IFogSim,net,9,1000,0ms,3125000,16.209,16.709,0,device_2,device_3
IFogSim,net,9,1000,0ms,3125000,16.709,17.209,0,device_1,device_2
IFogSim,net,9,1000,0ms,3125000,16.709,17.209,0,device_2,device_3
IFogSim,net,9,1000,0ms,3125000,17.209,17.709,0,device_1,device_2
IFogSim,net,9,1000,0ms,3125000,17.209,17.709,0,device_2,device_3
IFogSim,net,9,1000,0ms,3125000,17.709,18.209,0,device_1,device_2
IFogSim,net,9,1000,0ms,3125000,17.709,18.209,0,device_2,device_3
IFogSim,exec,9,1000,0ms,3125000,16.209,18.209,0,NA,NA
IFogSim,net,9,1000,0ms,3125000,18.209,18.709,0,device_1,device_2
IFogSim,net,9,1000,0ms,3125000,18.209,18.709,0,device_2,device_3
IFogSim,net,9,1000,0ms,3125000,18.709,19.209,0,device_1,device_2
IFogSim,net,9,1000,0ms,3125000,18.709,19.209,0,device_2,device_3
IFogSim,net,9,1000,0ms,3125000,19.209,19.709,0,device_1,device_2
IFogSim,net,9,1000,0ms,3125000,19.209,19.709,0,device_2,device_3
IFogSim,net,9,1000,0ms,3125000,19.709,20.209,0,device_2,device_3
IFogSim,exec,9,1000,0ms,3125000,16.709,28.308999999999997,0,NA,NA
IFogSim,exec,9,1000,0ms,3125000,17.209,28.308999999999997,0,NA,NA
IFogSim,exec,9,1000,0ms,3125000,17.709,28.308999999999997,0,NA,NA
IFogSim,exec,9,1000,0ms,3125000,18.209,28.308999999999997,0,NA,NA
IFogSim,exec,9,1000,0ms,3125000,18.709,28.308999999999997,0,NA,NA
IFogSim,exec,9,1000,0ms,3125000,19.209,28.308999999999997,0,NA,NA
IFogSim,exec,9,1000,0ms,3125000,19.709,28.308999999999997,0,NA,NA
IFogSim,exec,9,1000,0ms,3125000,20.209,28.308999999999997,0,NA,NA
YAFS,net,9,1000,0ms,3125000,15,16,0,src,dst
YAFS,exec,9,1000,0ms,3125000,16,17,0,src,dst
YAFS,net,9,1000,0ms,3125000,15,16.5,0,src,dst
YAFS,exec,9,1000,0ms,3125000,17,18,0,src,dst
YAFS,net,9,1000,0ms,3125000,15,17,0,src,dst
YAFS,exec,9,1000,0ms,3125000,18,19,0,src,dst
YAFS,net,9,1000,0ms,3125000,15,17.5,0,src,dst
YAFS,exec,9,1000,0ms,3125000,19,20,0,src,dst
YAFS,net,9,1000,0ms,3125000,15,18,0,src,dst
YAFS,exec,9,1000,0ms,3125000,20,21,0,src,dst
YAFS,net,9,1000,0ms,3125000,15,18.5,0,src,dst
YAFS,exec,9,1000,0ms,3125000,21,22,0,src,dst
YAFS,net,9,1000,0ms,3125000,15,19,0,src,dst
YAFS,exec,9,1000,0ms,3125000,22,23,0,src,dst
YAFS,net,9,1000,0ms,3125000,15,19.5,0,src,dst
YAFS,exec,9,1000,0ms,3125000,23,24,0,src,dst
YAFS,net,9,1000,0ms,3125000,15,20,0,src,dst
YAFS,exec,9,1000,0ms,3125000,24,25,0,src,dst
simgrid,net,9,1000,0ms,3125000,15.000000,19.871134,0,src,dst
simgrid,net,9,1000,0ms,3125000,15.000000,19.871134,0,src,dst
simgrid,net,9,1000,0ms,3125000,15.000000,19.871134,0,src,dst
simgrid,net,9,1000,0ms,3125000,15.000000,19.871134,0,src,dst
simgrid,net,9,1000,0ms,3125000,15.000000,19.871134,0,src,dst
simgrid,net,9,1000,0ms,3125000,15.000000,19.871134,0,src,dst
simgrid,net,9,1000,0ms,3125000,15.000000,19.871134,0,src,dst
simgrid,net,9,1000,0ms,3125000,15.000000,19.871134,0,src,dst
simgrid,net,9,1000,0ms,3125000,15.000000,19.871134,0,src,dst
simgrid,exec,9,1000,0ms,3125000,19.871134,28.871134,0,NA,NA
simgrid,exec,9,1000,0ms,3125000,19.871134,28.871134,0,NA,NA
simgrid,exec,9,1000,0ms,3125000,19.871134,28.871134,0,NA,NA
simgrid,exec,9,1000,0ms,3125000,19.871134,28.871134,0,NA,NA
simgrid,exec,9,1000,0ms,3125000,19.871134,28.871134,0,NA,NA
simgrid,exec,9,1000,0ms,3125000,19.871134,28.871134,0,NA,NA
simgrid,exec,9,1000,0ms,3125000,19.871134,28.871134,0,NA,NA
simgrid,exec,9,1000,0ms,3125000,19.871134,28.871134,0,NA,NA
simgrid,exec,9,1000,0ms,3125000,19.871134,28.871134,0,NA,NA
ns3,net,9,1000,0ms,3125000,15,19.6753,1,src,dst
ns3,net,9,1000,0ms,3125000,15,19.7078,1,src,dst
ns3,net,9,1000,0ms,3125000,15,19.6723,1,src,dst
ns3,net,9,1000,0ms,3125000,15,19.7294,1,src,dst
ns3,net,9,1000,0ms,3125000,15.0001,19.6813,1,src,dst
ns3,net,9,1000,0ms,3125000,15.0001,19.7098,1,src,dst
ns3,net,9,1000,0ms,3125000,15.0001,19.7118,1,src,dst
ns3,net,9,1000,0ms,3125000,15.0001,19.7118,1,src,dst
ns3,net,9,1000,0ms,3125000,15.0001,19.7118,1,src,dst
IFogSim,net,10,1000,0ms,3125000,15.0,15.0,0,sensor_10,device_1
IFogSim,net,10,1000,0ms,3125000,15.0,15.0,0,sensor_10,device_1
IFogSim,net,10,1000,0ms,3125000,15.0,15.0,0,sensor_10,device_1
IFogSim,net,10,1000,0ms,3125000,15.0,15.0,0,sensor_10,device_1
IFogSim,net,10,1000,0ms,3125000,15.0,15.0,0,sensor_10,device_1
IFogSim,net,10,1000,0ms,3125000,15.0,15.0,0,sensor_10,device_1
IFogSim,net,10,1000,0ms,3125000,15.0,15.0,0,sensor_10,device_1
IFogSim,net,10,1000,0ms,3125000,15.0,15.0,0,sensor_10,device_1
IFogSim,net,10,1000,0ms,3125000,15.0,15.0,0,sensor_10,device_1
IFogSim,net,10,1000,0ms,3125000,15.0,15.0,0,sensor_10,device_1
IFogSim,exec,10,1000,0ms,3125000,15.0,15.11,0,NA,NA
IFogSim,exec,10,1000,0ms,3125000,15.0,15.11,0,NA,NA
IFogSim,exec,10,1000,0ms,3125000,15.0,15.11,0,NA,NA
IFogSim,exec,10,1000,0ms,3125000,15.0,15.11,0,NA,NA
IFogSim,exec,10,1000,0ms,3125000,15.0,15.11,0,NA,NA
IFogSim,exec,10,1000,0ms,3125000,15.0,15.11,0,NA,NA
IFogSim,exec,10,1000,0ms,3125000,15.0,15.11,0,NA,NA
IFogSim,exec,10,1000,0ms,3125000,15.0,15.11,0,NA,NA
IFogSim,exec,10,1000,0ms,3125000,15.0,15.11,0,NA,NA
IFogSim,exec,10,1000,0ms,3125000,15.0,15.11,0,NA,NA
IFogSim,net,10,1000,0ms,3125000,15.209999999999999,15.709999999999999,0,device_1,device_2
IFogSim,net,10,1000,0ms,3125000,15.709999999999999,16.21,0,device_1,device_2
IFogSim,net,10,1000,0ms,3125000,15.709999999999999,16.21,0,device_2,device_3
IFogSim,net,10,1000,0ms,3125000,16.21,16.71,0,device_1,device_2
IFogSim,net,10,1000,0ms,3125000,16.21,16.71,0,device_2,device_3
IFogSim,net,10,1000,0ms,3125000,16.71,17.21,0,device_1,device_2
IFogSim,net,10,1000,0ms,3125000,16.71,17.21,0,device_2,device_3
IFogSim,net,10,1000,0ms,3125000,17.21,17.71,0,device_1,device_2
IFogSim,net,10,1000,0ms,3125000,17.21,17.71,0,device_2,device_3
IFogSim,net,10,1000,0ms,3125000,17.71,18.21,0,device_1,device_2
IFogSim,net,10,1000,0ms,3125000,17.71,18.21,0,device_2,device_3
IFogSim,exec,10,1000,0ms,3125000,16.21,18.21,0,NA,NA
IFogSim,net,10,1000,0ms,3125000,18.21,18.71,0,device_1,device_2
IFogSim,net,10,1000,0ms,3125000,18.21,18.71,0,device_2,device_3
IFogSim,net,10,1000,0ms,3125000,18.71,19.21,0,device_1,device_2
IFogSim,net,10,1000,0ms,3125000,18.71,19.21,0,device_2,device_3
IFogSim,net,10,1000,0ms,3125000,19.21,19.71,0,device_1,device_2
IFogSim,net,10,1000,0ms,3125000,19.21,19.71,0,device_2,device_3
IFogSim,net,10,1000,0ms,3125000,19.71,20.21,0,device_1,device_2
IFogSim,net,10,1000,0ms,3125000,19.71,20.21,0,device_2,device_3
IFogSim,net,10,1000,0ms,3125000,20.21,20.71,0,device_2,device_3
IFogSim,exec,10,1000,0ms,3125000,16.71,29.810000000000002,0,NA,NA
IFogSim,exec,10,1000,0ms,3125000,17.21,29.810000000000002,0,NA,NA
IFogSim,exec,10,1000,0ms,3125000,17.71,29.810000000000002,0,NA,NA
IFogSim,exec,10,1000,0ms,3125000,18.21,29.810000000000002,0,NA,NA
IFogSim,exec,10,1000,0ms,3125000,18.71,29.810000000000002,0,NA,NA
IFogSim,exec,10,1000,0ms,3125000,19.21,29.810000000000002,0,NA,NA
IFogSim,exec,10,1000,0ms,3125000,19.71,29.810000000000002,0,NA,NA
IFogSim,exec,10,1000,0ms,3125000,20.21,29.810000000000002,0,NA,NA
IFogSim,exec,10,1000,0ms,3125000,20.71,29.810000000000002,0,NA,NA
YAFS,net,10,1000,0ms,3125000,15,16,0,src,dst
YAFS,exec,10,1000,0ms,3125000,16,17,0,src,dst
YAFS,net,10,1000,0ms,3125000,15,16.5,0,src,dst
YAFS,exec,10,1000,0ms,3125000,17,18,0,src,dst
YAFS,net,10,1000,0ms,3125000,15,17,0,src,dst
YAFS,exec,10,1000,0ms,3125000,18,19,0,src,dst
YAFS,net,10,1000,0ms,3125000,15,17.5,0,src,dst
YAFS,exec,10,1000,0ms,3125000,19,20,0,src,dst
YAFS,net,10,1000,0ms,3125000,15,18,0,src,dst
YAFS,exec,10,1000,0ms,3125000,20,21,0,src,dst
YAFS,net,10,1000,0ms,3125000,15,18.5,0,src,dst
YAFS,exec,10,1000,0ms,3125000,21,22,0,src,dst
YAFS,net,10,1000,0ms,3125000,15,19,0,src,dst
YAFS,exec,10,1000,0ms,3125000,22,23,0,src,dst
YAFS,net,10,1000,0ms,3125000,15,19.5,0,src,dst
YAFS,exec,10,1000,0ms,3125000,23,24,0,src,dst
YAFS,net,10,1000,0ms,3125000,15,20,0,src,dst
YAFS,exec,10,1000,0ms,3125000,24,25,0,src,dst
YAFS,net,10,1000,0ms,3125000,15,20.5,0,src,dst
YAFS,exec,10,1000,0ms,3125000,25,26,0,src,dst
simgrid,net,10,1000,0ms,3125000,15.000000,20.412371,0,src,dst
simgrid,net,10,1000,0ms,3125000,15.000000,20.412371,0,src,dst
simgrid,net,10,1000,0ms,3125000,15.000000,20.412371,0,src,dst
simgrid,net,10,1000,0ms,3125000,15.000000,20.412371,0,src,dst
simgrid,net,10,1000,0ms,3125000,15.000000,20.412371,0,src,dst
simgrid,net,10,1000,0ms,3125000,15.000000,20.412371,0,src,dst
simgrid,net,10,1000,0ms,3125000,15.000000,20.412371,0,src,dst
simgrid,net,10,1000,0ms,3125000,15.000000,20.412371,0,src,dst
simgrid,net,10,1000,0ms,3125000,15.000000,20.412371,0,src,dst
simgrid,net,10,1000,0ms,3125000,15.000000,20.412371,0,src,dst
simgrid,exec,10,1000,0ms,3125000,20.412371,30.412371,0,NA,NA
simgrid,exec,10,1000,0ms,3125000,20.412371,30.412371,0,NA,NA
simgrid,exec,10,1000,0ms,3125000,20.412371,30.412371,0,NA,NA
simgrid,exec,10,1000,0ms,3125000,20.412371,30.412371,0,NA,NA
simgrid,exec,10,1000,0ms,3125000,20.412371,30.412371,0,NA,NA
simgrid,exec,10,1000,0ms,3125000,20.412371,30.412371,0,NA,NA
simgrid,exec,10,1000,0ms,3125000,20.412371,30.412371,0,NA,NA
simgrid,exec,10,1000,0ms,3125000,20.412371,30.412371,0,NA,NA
simgrid,exec,10,1000,0ms,3125000,20.412371,30.412371,0,NA,NA
simgrid,exec,10,1000,0ms,3125000,20.412371,30.412371,0,NA,NA
ns3,net,10,1000,0ms,3125000,15,20.2046,1,src,dst
ns3,net,10,1000,0ms,3125000,15,20.185,1,src,dst
ns3,net,10,1000,0ms,3125000,15,20.1892,1,src,dst
ns3,net,10,1000,0ms,3125000,15,20.255,1,src,dst
ns3,net,10,1000,0ms,3125000,15.0001,20.1911,1,src,dst
ns3,net,10,1000,0ms,3125000,15.0001,20.255,1,src,dst
ns3,net,10,1000,0ms,3125000,15.0001,20.1957,1,src,dst
ns3,net,10,1000,0ms,3125000,15.0001,20.1957,1,src,dst
ns3,net,10,1000,0ms,3125000,15.0001,20.1957,1,src,dst
ns3,net,10,1000,0ms,3125000,15.0001,20.1942,1,src,dst
